Ret.Time,Proc.From,Proc.To,Mass,Area,Height,A/H,Conc.,Mark,Name,Ret. Index
4.163,4.01,4.2,TIC,199761034,27153794,7.36,14.01,   ,,
4.253,4.2,4.33,TIC,117549848,27808033,4.23,8.25,SV ,,
4.313,4.3,4.33,TIC,1194903,1295251,0.92,0.08,T  ,,
4.361,4.33,4.38,TIC,8153694,3954332,2.06,0.57, V ,,
4.393,4.38,4.417,TIC,3811701,2628854,1.45,0.27, V ,,
4.44,4.417,4.47,TIC,5094866,2940907,1.73,0.36, V ,,
4.493,4.47,4.523,TIC,1739721,719133,2.42,0.12, V ,,
4.557,4.523,4.593,TIC,2701816,861279,3.14,0.19, V ,,
4.626,4.593,4.647,TIC,2629067,995640,2.64,0.18, V ,,
4.668,4.647,4.697,TIC,2827023,1421616,1.99,0.2, V ,,
4.719,4.697,4.753,TIC,1743408,900816,1.94,0.12, V ,,
4.801,4.753,4.883,TIC,12174616,5175514,2.35,0.85, V ,,
4.927,4.883,4.97,TIC,1992184,624231,3.19,0.14, V ,,
5.05,4.97,5.09,TIC,3787231,1673203,2.26,0.27, V ,,
5.117,5.09,5.12,TIC,348529,243919,1.43,0.02, V ,,
5.175,5.12,5.24,TIC,10109920,4167602,2.43,0.71, V ,,
5.268,5.24,5.287,TIC,2959593,1481992,2,0.21, V ,,
5.307,5.287,5.343,TIC,4429969,2356883,1.88,0.31, V ,,
5.376,5.343,5.44,TIC,1946083,710833,2.74,0.14, V ,,
5.481,5.44,5.533,TIC,2672201,1262896,2.12,0.19, V ,,
5.571,5.533,5.633,TIC,3517506,1411944,2.49,0.25, V ,,
5.766,5.633,5.837,TIC,25824909,8565880,3.01,1.81, V ,,
5.93,5.837,5.957,TIC,53684158,16299084,3.29,3.77, V ,,
5.971,5.957,6.003,TIC,2167893,1398961,1.55,0.15, V ,,
6.068,6.003,6.15,TIC,5306785,1295837,4.1,0.37, V ,,
6.166,6.15,6.197,TIC,385409,156218,2.47,0.03, V ,,
6.211,6.197,6.227,TIC,176645,104036,1.7,0.01, V ,,
6.27,6.227,6.297,TIC,2574473,1176874,2.19,0.18, V ,,
6.311,6.297,6.333,TIC,861215,444512,1.94,0.06, V ,,
6.375,6.333,6.417,TIC,4333393,1719137,2.52,0.3, V ,,
6.453,6.417,6.513,TIC,6288315,2195014,2.86,0.44, V ,,
6.56,6.513,6.6,TIC,15881620,7480367,2.12,1.11, V ,,
6.626,6.6,6.663,TIC,926947,336700,2.75,0.07, V ,,
6.706,6.663,6.74,TIC,1109133,367470,3.02,0.08, V ,,
6.845,6.74,6.88,TIC,22556910,8547946,2.64,1.58, V ,,
6.899,6.88,6.923,TIC,2092451,1038045,2.02,0.15, V ,,
6.942,6.923,6.983,TIC,2138859,777982,2.75,0.15, V ,,
7.016,6.983,7.05,TIC,2893657,1343560,2.15,0.2, V ,,
7.087,7.05,7.12,TIC,5524469,2475555,2.23,0.39, V ,,
7.132,7.12,7.173,TIC,1557686,792169,1.97,0.11, V ,,
7.187,7.173,7.233,TIC,557706,215521,2.59,0.04, V ,,
7.283,7.233,7.32,TIC,794509,198646,4,0.06, V ,,
7.405,7.32,7.467,TIC,23345516,9129391,2.56,1.64, V ,,
7.492,7.467,7.54,TIC,833445,321024,2.6,0.06, V ,,
7.606,7.54,7.687,TIC,8987984,3805629,2.36,0.63,SV ,,
7.661,7.65,7.68,TIC,49159,41474,1.19,0,T  ,,
7.728,7.687,7.8,TIC,2616934,978957,2.67,0.18, V ,,
7.846,7.8,7.887,TIC,898143,286293,3.14,0.06, V ,,
7.925,7.887,7.96,TIC,773122,277024,2.79,0.05, V ,,
7.967,7.96,7.987,TIC,181979,113108,1.61,0.01, V ,,
8.099,7.987,8.16,TIC,3259834,629492,5.18,0.23, V ,,
8.173,8.16,8.193,TIC,176535,101158,1.75,0.01, V ,,
8.238,8.193,8.267,TIC,489532,135150,3.62,0.03, V ,,
8.351,8.267,8.437,TIC,41180190,13281325,3.1,2.89, V ,,
8.552,8.437,8.587,TIC,48637769,12229670,3.98,3.41, V ,,
8.641,8.587,8.71,TIC,6181407,2282485,2.71,0.43, V ,,
8.759,8.71,8.823,TIC,3742995,1495379,2.5,0.26,SV ,,
8.803,8.8,8.823,TIC,9748,3626,2.69,0,T  ,,
8.903,8.823,8.963,TIC,4284948,1396983,3.07,0.3, V ,,
8.998,8.963,9.037,TIC,1358161,520135,2.61,0.1, V ,,
9.065,9.037,9.087,TIC,621142,247638,2.51,0.04, V ,,
9.117,9.087,9.15,TIC,1497037,627090,2.39,0.11, V ,,
9.162,9.15,9.2,TIC,681088,273209,2.49,0.05, V ,,
9.226,9.2,9.257,TIC,648813,206051,3.15,0.05, V ,,
9.272,9.257,9.283,TIC,284761,192481,1.48,0.02, V ,,
9.292,9.283,9.313,TIC,321511,193215,1.66,0.02, V ,,
9.344,9.313,9.403,TIC,1072630,328674,3.26,0.08, V ,,
9.456,9.403,9.543,TIC,1646767,279950,5.88,0.12, V ,,
9.573,9.543,9.603,TIC,410376,142188,2.89,0.03, V ,,
9.665,9.603,9.7,TIC,1721919,603635,2.85,0.12, V ,,
9.729,9.7,9.763,TIC,838170,307570,2.73,0.06, V ,,
9.857,9.763,9.9,TIC,5487544,1736658,3.16,0.38, V ,,
9.947,9.9,10.03,TIC,5722003,2215469,2.58,0.4,SV ,,
10.022,10.017,10.03,TIC,1497,6535,0.23,0,T  ,,
10.1,10.03,10.137,TIC,6918060,2839479,2.44,0.49, V ,,
10.169,10.137,10.267,TIC,2351772,728295,3.23,0.16, V ,,
10.344,10.267,10.383,TIC,1054607,265615,3.97,0.07, V ,,
10.423,10.383,10.463,TIC,670888,190449,3.52,0.05, V ,,
10.505,10.463,10.573,TIC,731606,180285,4.06,0.05, V ,,
10.651,10.573,10.693,TIC,3708949,1084360,3.42,0.26, V ,,
10.778,10.693,10.84,TIC,38692061,12023413,3.22,2.71, V ,,
10.862,10.84,10.89,TIC,381466,150989,2.53,0.03, V ,,
10.94,10.89,10.97,TIC,1876740,766482,2.45,0.13, V ,,
11.008,10.97,11.077,TIC,4074779,1559116,2.61,0.29, V ,,
11.141,11.077,11.187,TIC,14731575,6004372,2.45,1.03, V ,,
11.225,11.187,11.27,TIC,2707238,1103916,2.45,0.19, V ,,
11.299,11.27,11.317,TIC,497815,204876,2.43,0.03, V ,,
11.348,11.317,11.387,TIC,809144,256737,3.15,0.06, V ,,
11.418,11.387,11.457,TIC,891080,324616,2.75,0.06, V ,,
11.525,11.457,11.567,TIC,2891438,988138,2.93,0.2, V ,,
11.583,11.567,11.587,TIC,178835,164811,1.09,0.01, V ,,
11.593,11.587,11.647,TIC,591672,177355,3.34,0.04, V ,,
11.693,11.647,11.753,TIC,5087954,2098869,2.42,0.36, V ,,
11.772,11.753,11.8,TIC,248793,104310,2.39,0.02, V ,,
11.803,11.8,11.81,TIC,43977,76930,0.57,0, V ,,
11.848,11.81,11.903,TIC,481462,104493,4.61,0.03, V ,,
11.989,11.903,12.007,TIC,1212396,294419,4.12,0.09, V ,,
12.074,12.007,12.137,TIC,5213938,1284900,4.06,0.37, V ,,
12.274,12.137,12.323,TIC,55300477,13924375,3.97,3.88, V ,,
12.37,12.323,12.42,TIC,1152462,262039,4.4,0.08, V ,,
12.47,12.42,12.513,TIC,958082,200953,4.77,0.07, V ,,
12.553,12.513,12.623,TIC,1333458,320928,4.16,0.09, V ,,
12.676,12.623,12.733,TIC,6017035,2127566,2.83,0.42, V ,,
12.759,12.733,12.79,TIC,916241,336765,2.72,0.06, V ,,
12.848,12.79,12.89,TIC,1896449,468504,4.05,0.13, V ,,
12.943,12.89,12.977,TIC,3277251,1158369,2.83,0.23, V ,,
13.014,12.977,13.077,TIC,5368540,2012056,2.67,0.38, V ,,
13.09,13.077,13.093,TIC,221805,228755,0.97,0.02, V ,,
13.113,13.093,13.153,TIC,765938,248395,3.08,0.05, V ,,
13.177,13.153,13.243,TIC,826221,202039,4.09,0.06, V ,,
13.302,13.243,13.363,TIC,2741743,905733,3.03,0.19, V ,,
13.383,13.363,13.413,TIC,401537,158953,2.53,0.03, V ,,
13.416,13.413,13.42,TIC,41230,104672,0.39,0, V ,,
13.49,13.42,13.593,TIC,3179094,858113,3.7,0.22, V ,,
13.633,13.593,13.73,TIC,1024821,233157,4.4,0.07, V ,,
13.793,13.73,13.823,TIC,440030,110722,3.97,0.03, V ,,
13.874,13.823,13.913,TIC,2008845,731795,2.75,0.14, V ,,
13.944,13.913,13.967,TIC,837126,319360,2.62,0.06, V ,,
13.996,13.967,14.027,TIC,1023663,380704,2.69,0.07, V ,,
14.108,14.027,15.19,TIC,29867177,8957875,3.33,2.1,SV ,,
14.162,14.153,14.167,TIC,9841,19479,0.51,0,T  ,,
14.17,14.167,14.197,TIC,28278,22354,1.27,0,TV ,,
14.233,14.197,14.297,TIC,440622,141310,3.12,0.03,T  ,,
14.356,14.297,14.407,TIC,428492,107326,3.99,0.03,TV ,,
14.409,14.407,14.417,TIC,15589,30404,0.51,0,TV ,,
14.438,14.417,14.48,TIC,71858,35379,2.03,0.01,TV ,,
14.536,14.49,14.573,TIC,248466,88449,2.81,0.02,T  ,,
14.594,14.573,14.623,TIC,88148,39185,2.25,0.01,TV ,,
14.63,14.623,14.637,TIC,9453,15241,0.62,0,TV ,,
14.683,14.637,14.69,TIC,111500,68434,1.63,0.01,TV ,,
14.695,14.69,14.727,TIC,107265,68736,1.56,0.01,TV ,,
14.774,14.727,14.823,TIC,905217,369628,2.45,0.06,TV ,,
14.874,14.823,14.947,TIC,2161828,687058,3.15,0.15,TV ,,
14.969,14.947,15.013,TIC,245280,96131,2.55,0.02,TV ,,
15.042,15.013,15.057,TIC,107719,51339,2.1,0.01,TV ,,
15.06,15.057,15.063,TIC,15086,38439,0.39,0,TV ,,
15.069,15.063,15.077,TIC,32570,50197,0.65,0,TV ,,
15.147,15.077,15.19,TIC,623556,184343,3.38,0.04,TV ,,
15.249,15.19,15.32,TIC,4203264,1533490,2.74,0.29, V ,,
15.338,15.32,15.36,TIC,247884,114504,2.16,0.02, V ,,
15.439,15.36,15.523,TIC,1714728,291099,5.89,0.12, V ,,
15.565,15.523,15.59,TIC,729780,229814,3.18,0.05, V ,,
15.626,15.59,15.667,TIC,1055024,305228,3.46,0.07, V ,,
15.675,15.667,15.737,TIC,516649,158152,3.27,0.04, V ,,
15.743,15.737,15.763,TIC,133300,89795,1.48,0.01, V ,,
15.803,15.763,15.85,TIC,710902,212713,3.34,0.05, V ,,
15.905,15.85,15.943,TIC,800427,222171,3.6,0.06, V ,,
15.991,15.943,16.04,TIC,1065781,282878,3.77,0.07, V ,,
16.079,16.04,16.127,TIC,614892,166604,3.69,0.04, V ,,
16.13,16.127,16.147,TIC,86847,87215,1,0.01, V ,,
16.213,16.147,16.253,TIC,1754738,544546,3.22,0.12, V ,,
16.297,16.253,16.377,TIC,2911144,775004,3.76,0.2, V ,,
16.453,16.377,16.47,TIC,2640083,811841,3.25,0.19, V ,,
16.567,16.47,16.633,TIC,56481782,13750029,4.11,3.96, V ,,
16.711,16.633,16.74,TIC,2534504,547730,4.63,0.18, V ,,
16.749,16.74,16.823,TIC,1236079,376608,3.28,0.09, V ,,
16.865,16.823,16.89,TIC,495761,152064,3.26,0.03, V ,,
16.92,16.89,16.96,TIC,444523,136047,3.27,0.03, V ,,
17.018,16.96,17.047,TIC,1750358,619916,2.82,0.12, V ,,
17.086,17.047,17.12,TIC,2364450,845764,2.8,0.17, V ,,
17.243,17.12,17.303,TIC,52343631,11383108,4.6,3.67, V ,,
17.308,17.303,17.337,TIC,346749,196240,1.77,0.02, V ,,
17.364,17.337,17.41,TIC,677326,181498,3.73,0.05, V ,,
17.443,17.41,17.467,TIC,409055,130201,3.14,0.03, V ,,
17.496,17.467,17.533,TIC,571277,170826,3.34,0.04, V ,,
17.57,17.533,17.657,TIC,1227054,260399,4.71,0.09, V ,,
17.673,17.657,17.72,TIC,430973,139990,3.08,0.03, V ,,
17.79,17.72,17.84,TIC,1189941,237333,5.01,0.08, V ,,
17.892,17.84,17.937,TIC,896879,191142,4.69,0.06, V ,,
17.953,17.937,18,TIC,473570,183203,2.58,0.03, V ,,
18.052,18,18.127,TIC,1446048,447034,3.23,0.1, V ,,
18.193,18.127,18.227,TIC,1223644,376734,3.25,0.09, V ,,
18.259,18.227,18.293,TIC,694148,226333,3.07,0.05, V ,,
18.326,18.293,18.393,TIC,983824,283306,3.47,0.07, V ,,
18.398,18.393,18.443,TIC,212385,80648,2.63,0.01, V ,,
18.519,18.443,18.583,TIC,2832748,807325,3.51,0.2, V ,,
18.613,18.583,18.62,TIC,202636,106895,1.9,0.01, V ,,
18.623,18.62,18.65,TIC,164438,105237,1.56,0.01, V ,,
18.705,18.65,18.773,TIC,908433,189760,4.79,0.06, V ,,
18.801,18.773,18.823,TIC,222094,85539,2.6,0.02, V ,,
18.838,18.823,18.85,TIC,115425,77731,1.48,0.01, V ,,
18.869,18.85,18.873,TIC,107395,88918,1.21,0.01, V ,,
18.923,18.873,18.957,TIC,546445,144492,3.78,0.04, V ,,
18.979,18.957,19.027,TIC,324880,85004,3.82,0.02, V ,,
19.057,19.027,19.06,TIC,225844,165190,1.37,0.02, V ,,
19.067,19.06,19.09,TIC,276702,173481,1.59,0.02, V ,,
19.15,19.09,19.21,TIC,6507232,2446523,2.66,0.46, V ,,
19.26,19.21,19.307,TIC,1052377,287037,3.67,0.07, V ,,
19.336,19.307,19.343,TIC,280537,149801,1.87,0.02, V ,,
19.348,19.343,19.41,TIC,445841,149258,2.99,0.03, V ,,
19.43,19.41,19.437,TIC,151095,103714,1.46,0.01, V ,,
19.44,19.437,19.447,TIC,58196,99028,0.59,0, V ,,
19.466,19.447,19.493,TIC,294007,115699,2.54,0.02, V ,,
19.503,19.493,19.523,TIC,179245,103178,1.74,0.01, V ,,
19.57,19.523,19.627,TIC,864900,248227,3.48,0.06, V ,,
19.679,19.627,19.787,TIC,1020165,198230,5.15,0.07, V ,,
19.849,19.787,19.9,TIC,514659,115077,4.47,0.04, V ,,
19.958,19.9,20.007,TIC,2209892,833905,2.65,0.16, V ,,
20.013,20.007,20.02,TIC,69155,90039,0.77,0, V ,,
20.022,20.02,20.043,TIC,115284,89768,1.28,0.01, V ,,
20.066,20.043,20.11,TIC,345792,111359,3.11,0.02, V ,,
20.167,20.11,20.223,TIC,1002968,287337,3.49,0.07, V ,,
20.233,20.223,20.26,TIC,118324,55932,2.12,0.01, V ,,
20.289,20.26,20.293,TIC,112970,65064,1.74,0.01, V ,,
20.299,20.293,20.33,TIC,138042,72422,1.91,0.01, V ,,
20.38,20.33,20.437,TIC,1241156,399145,3.11,0.09, V ,,
20.493,20.437,20.517,TIC,1367450,477393,2.86,0.1, V ,,
20.554,20.517,20.587,TIC,2796648,1050615,2.66,0.2, V ,,
20.615,20.587,20.687,TIC,1470684,531272,2.77,0.1, V ,,
20.723,20.687,20.73,TIC,174318,80873,2.16,0.01, V ,,
20.749,20.73,20.763,TIC,155129,82405,1.88,0.01, V ,,
20.823,20.763,20.843,TIC,581904,178999,3.25,0.04, V ,,
20.863,20.843,20.943,TIC,767175,191164,4.01,0.05, V ,,
20.983,20.943,21.03,TIC,550878,144384,3.82,0.04, V ,,
21.059,21.03,21.063,TIC,163745,99633,1.64,0.01, V ,,
21.07,21.063,21.107,TIC,206268,98234,2.1,0.01, V ,,
21.177,21.107,21.247,TIC,8039476,3008562,2.67,0.56, V ,,
21.298,21.247,21.357,TIC,514574,108783,4.73,0.04, V ,,
21.392,21.357,21.44,TIC,323124,81459,3.97,0.02, V ,,
21.442,21.44,21.467,TIC,76242,54050,1.41,0.01, V ,,
21.59,21.467,21.653,TIC,43464171,11194794,3.88,3.05, V ,,
21.716,21.653,21.787,TIC,12670678,4942034,2.56,0.89, V ,,
21.831,21.787,21.883,TIC,1877848,634189,2.96,0.13, V ,,
21.887,21.883,21.957,TIC,386232,118741,3.25,0.03, V ,,
22.074,21.957,22.13,TIC,1740479,469725,3.71,0.12, V ,,
22.219,22.13,22.293,TIC,977914,130903,7.47,0.07, V ,,
22.296,22.293,22.353,TIC,295412,99455,2.97,0.02, V ,,
22.421,22.353,22.463,TIC,928585,199854,4.65,0.07, V ,,
22.495,22.463,22.557,TIC,768199,187757,4.09,0.05, V ,,
22.588,22.557,22.643,TIC,489290,113676,4.3,0.03, V ,,
22.653,22.643,22.66,TIC,66203,73437,0.9,0, V ,,
22.689,22.66,22.697,TIC,177976,94181,1.89,0.01, V ,,
22.7,22.697,22.727,TIC,146953,92626,1.59,0.01, V ,,
22.79,22.727,22.83,TIC,1024240,275897,3.71,0.07, V ,,
22.859,22.83,22.96,TIC,1058115,205639,5.15,0.07, V ,,
23.001,22.96,23.047,TIC,883142,280666,3.15,0.06, V ,,
23.077,23.047,23.11,TIC,669731,248786,2.69,0.05, V ,,
23.24,23.11,23.297,TIC,58956401,12000812,4.91,4.14, V ,,
23.369,23.297,23.447,TIC,10793333,3994848,2.7,0.76, V ,,
23.477,23.447,23.513,TIC,377545,111610,3.38,0.03, V ,,
23.517,23.513,23.523,TIC,48039,82543,0.58,0, V ,,
23.528,23.523,23.563,TIC,170680,87478,1.95,0.01, V ,,
23.572,23.563,23.58,TIC,64428,67406,0.96,0, V ,,
23.586,23.58,23.623,TIC,159632,72026,2.22,0.01, V ,,
23.629,23.623,23.633,TIC,33048,58938,0.56,0, V ,,
23.642,23.633,23.647,TIC,42921,57312,0.75,0, V ,,
23.709,23.647,23.767,TIC,1468777,509978,2.88,0.1, V ,,
23.773,23.767,23.79,TIC,71280,55972,1.27,0.01, V ,,
23.793,23.79,23.797,TIC,18847,51988,0.36,0, V ,,
23.832,23.797,23.857,TIC,223685,73653,3.04,0.02, V ,,
23.897,23.857,23.907,TIC,377287,170636,2.21,0.03, V ,,
23.936,23.907,24.013,TIC,826877,249740,3.31,0.06, V ,,
24.02,24.013,24.03,TIC,42529,48102,0.88,0, V ,,
24.046,24.03,24.067,TIC,106455,55622,1.91,0.01, V ,,
24.068,24.067,24.11,TIC,113370,48024,2.36,0.01, V ,,
24.138,24.11,24.163,TIC,196985,70461,2.8,0.01, V ,,
24.188,24.163,24.23,TIC,220298,67735,3.25,0.02, V ,,
24.235,24.23,24.243,TIC,30614,46296,0.66,0, V ,,
24.303,24.243,24.343,TIC,542578,144561,3.75,0.04, V ,,
24.4,24.343,24.407,TIC,185466,47430,3.91,0.01, V ,,
24.427,24.407,24.437,TIC,86086,55554,1.55,0.01, V ,,
24.44,24.437,24.497,TIC,173346,55043,3.15,0.01, V ,,
24.528,24.497,24.55,TIC,114368,47361,2.41,0.01, V ,,
24.564,24.55,24.577,TIC,63575,42175,1.51,0, V ,,
24.627,24.577,24.667,TIC,275031,68555,4.01,0.02, V ,,
24.676,24.667,24.693,TIC,75346,51618,1.46,0.01, V ,,
24.709,24.693,24.727,TIC,93253,54301,1.72,0.01, V ,,
24.752,24.727,24.79,TIC,287679,106484,2.7,0.02, V ,,
24.834,24.79,24.91,TIC,1273062,492048,2.59,0.09, V ,,
24.95,24.91,24.983,TIC,226617,71016,3.19,0.02, V ,,
24.989,24.983,25.04,TIC,116880,50145,2.33,0.01, V ,,
25.043,25.04,25.047,TIC,11021,31149,0.35,0, V ,,
25.054,25.047,25.07,TIC,42773,33606,1.27,0, V ,,
25.079,25.07,25.1,TIC,67720,39972,1.69,0, V ,,
25.177,25.1,25.28,TIC,13375004,5009691,2.67,0.94, V ,,
25.322,25.28,25.343,TIC,207563,64179,3.23,0.01, V ,,
25.361,25.343,25.377,TIC,133448,71192,1.87,0.01, V ,,
25.38,25.377,25.4,TIC,88218,79334,1.11,0.01, V ,,
25.403,25.4,25.407,TIC,20950,53843,0.39,0, V ,,
25.409,25.407,25.43,TIC,68055,52676,1.29,0, V ,,
25.458,25.43,25.47,TIC,104266,55814,1.87,0.01, V ,,
25.5,25.47,25.503,TIC,85599,47059,1.82,0.01, V ,,
25.507,25.503,25.513,TIC,24158,43362,0.56,0, V ,,
25.527,25.513,25.543,TIC,89906,58608,1.53,0.01, V ,,
25.557,25.543,25.567,TIC,70894,54443,1.3,0, V ,,
25.569,25.567,25.593,TIC,78424,55066,1.42,0.01, V ,,
25.651,25.593,25.723,TIC,1555581,526652,2.95,0.11, V ,,
25.729,25.723,25.737,TIC,41593,55659,0.75,0, V ,,
25.794,25.737,25.843,TIC,489453,119677,4.09,0.03, V ,,
25.885,25.843,25.957,TIC,411149,83604,4.92,0.03, V ,,
25.96,25.957,25.963,TIC,15792,40320,0.39,0, V ,,
25.989,25.963,26.01,TIC,109935,42999,2.56,0.01, V ,,
26.059,26.01,26.113,TIC,419405,128705,3.26,0.03, V ,,
26.13,26.113,26.147,TIC,83649,44992,1.86,0.01, V ,,
26.19,26.147,26.193,TIC,144985,62051,2.34,0.01, V ,,
26.217,26.193,26.273,TIC,243158,63303,3.84,0.02, V ,,
26.348,26.273,26.397,TIC,2274892,882191,2.58,0.16, V ,,
26.429,26.397,26.453,TIC,347563,134587,2.58,0.02, V ,,
26.456,26.453,26.513,TIC,270195,111810,2.42,0.02, V ,,
26.519,26.513,26.547,TIC,71914,43663,1.65,0.01, V ,,
26.586,26.547,26.633,TIC,326871,105682,3.09,0.02, V ,,
26.66,26.633,26.68,TIC,87770,36995,2.37,0.01, V ,,
26.685,26.68,26.69,TIC,19136,34904,0.55,0, V ,,
26.693,26.69,26.7,TIC,16134,28624,0.56,0, V ,,
26.706,26.7,26.72,TIC,41091,36122,1.14,0, V ,,
26.756,26.72,26.797,TIC,145120,38592,3.76,0.01, V ,,
26.846,26.797,26.903,TIC,289119,80205,3.6,0.02, V ,,
26.906,26.903,26.91,TIC,9637,28111,0.34,0, V ,,
26.916,26.91,26.93,TIC,26027,23605,1.1,0, V ,,
26.937,26.93,26.967,TIC,43183,21949,1.97,0, V ,,
27.005,26.967,27.057,TIC,280710,77512,3.62,0.02, V ,,
27.063,27.057,27.07,TIC,23168,35868,0.65,0, V ,,
27.102,27.07,27.137,TIC,138754,47403,2.93,0.01, V ,,
27.139,27.137,27.163,TIC,52068,34333,1.52,0, V ,,
27.183,27.163,27.193,TIC,56647,37384,1.52,0, V ,,
27.21,27.193,27.247,TIC,112474,43296,2.6,0.01, V ,,
27.304,27.247,27.35,TIC,398143,118397,3.36,0.03, V ,,
27.356,27.35,27.363,TIC,19260,27918,0.69,0, V ,,
27.379,27.363,27.383,TIC,31407,33538,0.94,0, V ,,
27.386,27.383,27.39,TIC,9221,23897,0.39,0, V ,,
27.454,27.39,27.493,TIC,578660,176948,3.27,0.04, V ,,
27.532,27.493,27.55,TIC,400048,164614,2.43,0.03, V ,,
27.593,27.55,27.66,TIC,1547921,443149,3.49,0.11, V ,,
27.718,27.66,27.787,TIC,909093,261033,3.48,0.06, V ,,
27.839,27.787,27.873,TIC,309062,87289,3.54,0.02, V ,,
27.892,27.873,27.917,TIC,102156,47725,2.14,0.01, V ,,
27.92,27.917,27.93,TIC,24205,33483,0.72,0, V ,,
28.047,27.93,31.037,TIC,36461080,8433323,4.32,2.56,SV ,,
28.216,28.213,28.223,TIC,2607,12185,0.21,0,T  ,,
28.251,28.223,28.263,TIC,27181,19154,1.42,0,T  ,,
28.3,28.297,28.317,TIC,3625,1313,2.76,0,T  ,,
28.375,28.317,28.42,TIC,129373,44762,2.89,0.01,TV ,,
28.456,28.42,28.487,TIC,18944,12219,1.55,0,T  ,,
28.527,28.487,28.537,TIC,39793,30957,1.29,0,TV ,,
28.545,28.537,28.557,TIC,32363,31664,1.02,0,TV ,,
28.563,28.557,28.583,TIC,37157,29312,1.27,0,TV ,,
28.586,28.583,28.593,TIC,9303,19878,0.47,0,TV ,,
28.609,28.593,28.613,TIC,23544,25154,0.94,0,TV ,,
28.617,28.613,28.62,TIC,7853,21062,0.37,0,TV ,,
28.622,28.62,28.65,TIC,34376,19321,1.78,0,TV ,,
28.654,28.65,28.66,TIC,9164,17934,0.51,0,TV ,,
28.667,28.66,28.673,TIC,11684,19883,0.59,0,TV ,,
28.729,28.673,28.793,TIC,308255,101572,3.03,0.02,TV ,,
28.795,28.793,28.8,TIC,1724,6753,0.26,0,TV ,,
28.803,28.8,28.813,TIC,3216,5986,0.54,0,TV ,,
28.83,28.813,28.84,TIC,13909,15580,0.89,0,TV ,,
28.858,28.84,28.88,TIC,30590,19698,1.55,0,TV ,,
28.92,28.88,28.937,TIC,31163,20627,1.51,0,TV ,,
28.949,28.937,28.957,TIC,8554,9735,0.88,0,T  ,,
28.983,28.957,28.99,TIC,24917,20457,1.22,0,TV ,,
29.003,28.99,29.023,TIC,38897,30633,1.27,0,TV ,,
29.067,29.023,29.117,TIC,219733,63217,3.48,0.02,TV ,,
29.122,29.117,29.137,TIC,30386,28737,1.06,0,TV ,,
29.14,29.137,29.147,TIC,13651,25297,0.54,0,TV ,,
29.152,29.147,29.157,TIC,15694,28846,0.54,0,TV ,,
29.18,29.157,29.197,TIC,72598,33807,2.15,0.01,TV ,,
29.203,29.197,29.217,TIC,38153,36773,1.04,0,TV ,,
29.231,29.217,29.26,TIC,71848,34085,2.11,0.01,TV ,,
29.273,29.26,29.28,TIC,19254,19952,0.97,0,TV ,,
29.342,29.28,29.38,TIC,184206,60584,3.04,0.01,TV ,,
29.4,29.38,29.41,TIC,26966,22861,1.18,0,TV ,,
29.43,29.41,29.437,TIC,22610,19843,1.14,0,TV ,,
29.443,29.437,29.46,TIC,23244,20129,1.15,0,TV ,,
29.473,29.46,29.503,TIC,18692,14560,1.28,0,TV ,,
29.582,29.503,29.623,TIC,1537662,650279,2.36,0.11,TV ,,
29.669,29.623,29.727,TIC,428486,121865,3.52,0.03,TV ,,
29.743,29.727,29.78,TIC,59364,31311,1.9,0,TV ,,
29.796,29.78,29.843,TIC,76557,26501,2.89,0.01,TV ,,
29.852,29.843,29.857,TIC,4528,8490,0.53,0,TV ,,
29.867,29.857,29.87,TIC,4746,7662,0.62,0,TV ,,
29.92,29.87,29.95,TIC,78493,23664,3.32,0.01,TV ,,
29.977,29.95,30.027,TIC,150204,51519,2.92,0.01,TV ,,
30.06,30.027,30.067,TIC,48340,28567,1.69,0,TV ,,
30.12,30.067,30.19,TIC,873787,342162,2.55,0.06,TV ,,
30.22,30.19,30.253,TIC,59251,22975,2.58,0,TV ,,
30.28,30.253,30.283,TIC,12588,12209,1.03,0,T  ,,
30.286,30.283,30.313,TIC,18752,20318,0.92,0,TV ,,
30.354,30.313,30.393,TIC,113150,43185,2.62,0.01,TV ,,
30.471,30.393,30.503,TIC,115119,29244,3.94,0.01,TV ,,
30.543,30.503,30.597,TIC,259568,80198,3.24,0.02,TV ,,
30.612,30.597,30.627,TIC,24757,17746,1.4,0,TV ,,
30.643,30.627,30.667,TIC,23750,10890,2.18,0,TV ,,
30.671,30.667,30.693,TIC,23011,15431,1.49,0,TV ,,
30.7,30.693,30.72,TIC,18584,12934,1.44,0,TV ,,
30.75,30.72,30.777,TIC,28703,15779,1.82,0,TV ,,
30.793,30.777,30.8,TIC,9338,11031,0.85,0,TV ,,
30.849,30.8,30.883,TIC,62211,20396,3.05,0,TV ,,
30.886,30.883,30.89,TIC,3643,10334,0.35,0,TV ,,
30.913,30.89,30.92,TIC,28901,21401,1.35,0,TV ,,
30.926,30.92,30.93,TIC,13049,22783,0.57,0,TV ,,
30.952,30.93,30.96,TIC,39120,26491,1.48,0,TV ,,
30.967,30.96,30.973,TIC,11218,15445,0.73,0,TV ,,
30.98,30.973,30.993,TIC,13573,20156,0.67,0,TV ,,
30.998,30.993,31.02,TIC,11461,13060,0.88,0,TV ,,
31.03,31.02,31.037,TIC,7015,13654,0.51,0,T  ,,
31.185,31.037,31.56,TIC,58531243,11607555,5.04,4.11,SV ,,
31.373,31.367,31.377,TIC,4588,18734,0.24,0,T  ,,
31.423,31.42,31.447,TIC,8760,6522,1.34,0,T  ,,
31.467,31.46,31.493,TIC,8022,3205,2.5,0,T  ,,
31.502,31.493,31.52,TIC,7628,9155,0.83,0,T  ,,
31.523,31.52,31.53,TIC,2776,7578,0.37,0,T  ,,
31.535,31.53,31.55,TIC,5468,9217,0.59,0,TV ,,
31.627,31.56,31.743,TIC,4704335,1813189,2.59,0.33,SV ,,
31.69,31.68,31.703,TIC,14092,14090,1,0,T  ,,
31.709,31.703,31.727,TIC,14613,20396,0.72,0,TV ,,
31.813,31.743,32.387,TIC,3291736,1042052,3.16,0.23,SV ,,
31.897,31.893,31.913,TIC,9466,9564,0.99,0,T  ,,
31.923,31.913,31.943,TIC,13444,8283,1.62,0,TV ,,
31.951,31.943,31.953,TIC,6418,14483,0.44,0,T  ,,
31.97,31.953,31.977,TIC,17081,20263,0.84,0,TV ,,
31.997,31.977,32,TIC,18352,14646,1.25,0,TV ,,
32.007,32,32.013,TIC,9108,16641,0.55,0,TV ,,
32.017,32.013,32.043,TIC,18855,12943,1.46,0,TV ,,
32.047,32.043,32.05,TIC,3112,8323,0.37,0,T  ,,
32.071,32.05,32.083,TIC,17656,14688,1.2,0,TV ,,
32.1,32.083,32.107,TIC,9055,12185,0.74,0,T  ,,
32.129,32.107,32.14,TIC,22094,18262,1.21,0,TV ,,
32.142,32.14,32.163,TIC,14206,11480,1.24,0,TV ,,
32.171,32.163,32.18,TIC,5309,8276,0.64,0,TV ,,
32.193,32.18,32.2,TIC,8386,15688,0.53,0,TV ,,
32.22,32.2,32.24,TIC,17091,12859,1.33,0,TV ,,
32.302,32.24,32.33,TIC,62884,25903,2.43,0,TV ,,
32.379,32.343,32.387,TIC,22505,17469,1.29,0,T  ,,
32.448,32.387,32.507,TIC,869458,319491,2.72,0.06, V ,,
32.509,32.507,32.533,TIC,36063,26528,1.36,0, V ,,
32.542,32.533,32.547,TIC,18617,25266,0.74,0, V ,,
32.579,32.547,32.607,TIC,95469,35038,2.72,0.01, V ,,
32.639,32.607,32.673,TIC,81890,25105,3.26,0.01, V ,,
32.68,32.673,32.69,TIC,24066,29130,0.83,0, V ,,
32.726,32.69,32.737,TIC,97891,45924,2.13,0.01, V ,,
32.75,32.737,32.78,TIC,83644,46196,1.81,0.01, V ,,
32.788,32.78,32.793,TIC,17004,22566,0.75,0, V ,,
32.798,32.793,32.807,TIC,15100,23424,0.64,0, V ,,
32.822,32.807,32.84,TIC,40316,26521,1.52,0, V ,,
32.847,32.84,32.863,TIC,22184,19722,1.12,0, V ,,
32.897,32.863,32.9,TIC,34558,18501,1.87,0, V ,,
32.934,32.9,33.007,TIC,148997,37427,3.98,0.01, V ,,
33.076,33.007,33.137,TIC,318959,88628,3.6,0.02, V ,,
33.163,33.137,33.18,TIC,58779,27672,2.12,0, V ,,
33.197,33.18,33.21,TIC,41225,28618,1.44,0, V ,,
33.222,33.21,33.233,TIC,27236,26474,1.03,0, V ,,
33.236,33.233,33.243,TIC,6702,14676,0.46,0, V ,,
33.27,33.243,33.273,TIC,29270,24688,1.19,0, V ,,
33.279,33.273,33.323,TIC,64823,30143,2.15,0, V ,,
33.348,33.323,33.363,TIC,52313,30803,1.7,0, V ,,
33.368,33.363,33.393,TIC,23642,18670,1.27,0, V ,,
33.41,33.393,33.43,TIC,30352,17950,1.69,0, V ,,
33.434,33.43,33.457,TIC,25421,20117,1.26,0, V ,,
33.49,33.457,33.51,TIC,35116,17228,2.04,0, V ,,
33.533,33.51,33.537,TIC,21740,18751,1.16,0, V ,,
33.553,33.537,33.557,TIC,12581,13849,0.91,0, V ,,
33.563,33.557,33.57,TIC,12065,19548,0.62,0, V ,,
33.602,33.57,33.643,TIC,68369,24437,2.8,0, V ,,
33.646,33.643,33.67,TIC,15155,9409,1.61,0, V ,,
33.673,33.67,33.687,TIC,12531,15045,0.83,0, V ,,
33.703,33.687,33.71,TIC,17990,19197,0.94,0, V ,,
33.725,33.71,33.75,TIC,35622,23270,1.53,0, V ,,
33.771,33.75,33.787,TIC,24566,16770,1.46,0, V ,,
33.846,33.787,33.86,TIC,100039,39941,2.5,0.01, V ,,
33.921,33.86,34.007,TIC,288107,59786,4.82,0.02, V ,,
34.025,34.007,34.03,TIC,23343,24977,0.93,0, V ,,
34.079,34.03,34.103,TIC,114307,38051,3,0.01, V ,,
34.11,34.103,34.117,TIC,14531,21574,0.67,0, V ,,
34.122,34.117,34.127,TIC,10077,20516,0.49,0, V ,,
34.134,34.127,34.15,TIC,21119,16615,1.27,0, V ,,
34.164,34.15,34.17,TIC,16796,17483,0.96,0, V ,,
34.228,34.17,34.25,TIC,63029,20761,3.04,0, V ,,
34.253,34.25,34.257,TIC,6651,17411,0.38,0, V ,,
34.275,34.257,34.28,TIC,22129,19815,1.12,0, V ,,
34.3,34.28,34.307,TIC,23661,22562,1.05,0, V ,,
34.37,34.307,34.377,TIC,43537,14659,2.97,0, V ,,
34.438,34.377,34.51,TIC,1234996,460440,2.68,0.09, V ,,
34.516,34.51,34.54,TIC,36325,26247,1.38,0, V ,,
34.543,34.54,34.553,TIC,15291,24471,0.62,0, V ,,
34.557,34.553,34.563,TIC,9720,18631,0.52,0, V ,,
34.628,34.563,34.66,TIC,604532,236542,2.56,0.04, V ,,
34.666,34.66,34.687,TIC,50919,42166,1.21,0, V ,,
34.69,34.687,34.727,TIC,48560,28951,1.68,0, V ,,
34.736,34.727,34.757,TIC,27017,22352,1.21,0, V ,,
34.773,34.757,34.777,TIC,16681,19407,0.86,0, V ,,
34.782,34.777,34.803,TIC,22282,13833,1.61,0, V ,,
34.813,34.803,34.82,TIC,13067,17442,0.75,0, V ,,
34.827,34.82,34.847,TIC,18462,13000,1.42,0, V ,,
34.86,34.847,34.863,TIC,18063,16850,1.07,0, V ,,
34.871,34.863,34.923,TIC,64525,26426,2.44,0, V ,,
34.943,34.923,34.96,TIC,31082,20029,1.55,0, V ,,
35.025,34.96,35.097,TIC,372881,95918,3.89,0.03, V ,,
35.1,35.097,35.12,TIC,29069,20684,1.41,0, V ,,
35.123,35.12,35.143,TIC,20343,22256,0.91,0, V ,,
35.15,35.143,35.16,TIC,12693,13841,0.92,0, V ,,
35.19,35.16,35.197,TIC,33894,26539,1.28,0, V ,,
35.199,35.197,35.203,TIC,9061,25387,0.36,0, V ,,
35.225,35.203,35.257,TIC,65197,29242,2.23,0, V ,,
35.273,35.257,35.29,TIC,37736,21737,1.74,0, V ,,
35.31,35.29,35.33,TIC,39857,19332,2.06,0, V ,,
35.333,35.33,35.347,TIC,14818,19329,0.77,0, V ,,
35.363,35.347,35.38,TIC,35233,28015,1.26,0, V ,,
35.412,35.38,35.437,TIC,50338,24608,2.05,0, V ,,
35.493,35.437,35.5,TIC,51204,19215,2.66,0, V ,,
35.502,35.5,35.51,TIC,9134,22032,0.41,0, V ,,
35.527,35.51,35.547,TIC,39838,21052,1.89,0, V ,,
35.549,35.547,35.557,TIC,5387,14664,0.37,0, V ,,
35.561,35.557,35.57,TIC,10856,19295,0.56,0, V ,,
35.583,35.57,35.593,TIC,17838,21060,0.85,0, V ,,
35.643,35.593,35.657,TIC,55164,18037,3.06,0, V ,,
35.663,35.657,35.677,TIC,15195,18502,0.82,0, V ,,
35.689,35.677,35.707,TIC,18791,17031,1.1,0, V ,,
35.71,35.707,35.723,TIC,10903,13889,0.79,0, V ,,
35.731,35.723,35.753,TIC,16088,17077,0.94,0, V ,,
35.789,35.753,35.793,TIC,21152,14725,1.44,0,   ,,
35.822,35.793,35.85,TIC,36544,21701,1.68,0, V ,,
35.885,35.85,35.89,TIC,24313,20619,1.18,0, V ,,
35.912,35.89,35.92,TIC,23092,17672,1.31,0, V ,,
35.938,35.92,35.947,TIC,22288,16580,1.34,0, V ,,
35.967,35.947,35.973,TIC,20226,18189,1.11,0, V ,,
35.98,35.973,35.993,TIC,16746,19151,0.87,0, V ,,
36.006,35.993,36.033,TIC,30910,19230,1.61,0, V ,,
36.05,36.033,36.07,TIC,21767,14755,1.48,0, V ,,
36.088,36.07,36.11,TIC,28985,14449,2.01,0, V ,,
36.12,36.11,36.13,TIC,12543,14122,0.89,0, V ,,
36.156,36.13,36.167,TIC,27746,21607,1.28,0, V ,,
36.211,36.167,36.243,TIC,97286,34056,2.86,0.01, V ,,
36.253,36.243,36.283,TIC,31123,18967,1.64,0, V ,,
36.289,36.283,36.297,TIC,9404,13953,0.67,0, V ,,
36.299,36.297,36.303,TIC,4812,14741,0.33,0, V ,,
36.305,36.303,36.327,TIC,10886,10172,1.07,0, V ,,
36.351,36.327,36.37,TIC,26780,17659,1.52,0,   ,,
36.381,36.37,36.403,TIC,12704,10671,1.19,0, V ,,
36.41,36.403,36.417,TIC,7018,15328,0.46,0, V ,,
36.422,36.417,36.437,TIC,8597,10709,0.8,0, V ,,
36.443,36.437,36.447,TIC,3207,6824,0.47,0, V ,,
36.469,36.447,36.503,TIC,42225,19373,2.18,0, V ,,
36.507,36.503,36.527,TIC,9721,14573,0.67,0, V ,,
36.554,36.527,36.56,TIC,16204,12988,1.25,0, V ,,
36.563,36.56,36.567,TIC,2691,10548,0.26,0, V ,,
36.662,36.567,36.723,TIC,445301,156069,2.85,0.03, V ,,
36.735,36.723,36.753,TIC,25376,15312,1.66,0, V ,,
36.757,36.753,36.76,TIC,4700,14316,0.33,0, V ,,
36.766,36.76,36.773,TIC,11254,19325,0.58,0, V ,,
36.788,36.773,36.83,TIC,39858,20869,1.91,0, V ,,
36.84,36.83,36.86,TIC,19975,11300,1.77,0, V ,,
36.876,36.86,36.897,TIC,27253,18888,1.44,0, V ,,
36.921,36.897,36.927,TIC,16531,9497,1.74,0, V ,,
36.933,36.927,36.993,TIC,34447,17409,1.98,0, V ,,
36.998,36.993,37.007,TIC,7240,15129,0.48,0, V ,,
37.045,37.007,37.057,TIC,31149,17042,1.83,0, V ,,
37.069,37.057,37.09,TIC,15280,21102,0.72,0, V ,,
37.1,37.09,37.113,TIC,12789,8492,1.51,0, V ,,
37.116,37.113,37.123,TIC,2346,5839,0.4,0, V ,,
37.149,37.123,37.167,TIC,26622,17319,1.54,0, V ,,
37.186,37.167,37.203,TIC,21006,11895,1.77,0, V ,,
37.212,37.203,37.217,TIC,14197,23709,0.6,0, V ,,
37.22,37.217,37.227,TIC,8356,17028,0.49,0, V ,,
37.24,37.227,37.247,TIC,14922,15892,0.94,0, V ,,
37.25,37.247,37.257,TIC,5160,12362,0.42,0, V ,,
37.263,37.257,37.29,TIC,19051,11766,1.62,0, V ,,
37.297,37.29,37.313,TIC,18527,16743,1.11,0, V ,,
37.326,37.313,37.347,TIC,25326,16609,1.52,0, V ,,
37.353,37.347,37.36,TIC,12328,17227,0.72,0, V ,,
37.364,37.36,37.37,TIC,10111,17667,0.57,0, V ,,
37.38,37.37,37.383,TIC,11394,13624,0.84,0, V ,,
37.387,37.383,37.4,TIC,16698,18279,0.91,0, V ,,
37.448,37.4,37.47,TIC,72605,17991,4.04,0.01, V ,,
37.572,37.47,37.653,TIC,779397,223829,3.48,0.05, V ,,
37.657,37.653,37.66,TIC,10122,29447,0.34,0, V ,,
37.676,37.66,37.693,TIC,64079,37985,1.69,0, V ,,
37.699,37.693,37.733,TIC,62938,37652,1.67,0, V ,,
37.757,37.733,37.773,TIC,33751,16688,2.02,0, V ,,
37.778,37.773,37.797,TIC,16349,15967,1.02,0, V ,,
37.803,37.797,37.807,TIC,7072,14988,0.47,0, V ,,
37.826,37.807,37.847,TIC,40565,20364,1.99,0, V ,,
37.85,37.847,37.87,TIC,19727,16973,1.16,0, V ,,
37.882,37.87,37.897,TIC,26849,25989,1.03,0, V ,,
37.903,37.897,37.907,TIC,5740,13224,0.43,0, V ,,
37.91,37.907,37.947,TIC,34485,18070,1.91,0, V ,,
37.97,37.947,37.987,TIC,38453,20305,1.89,0, V ,,
38.01,37.987,38.013,TIC,20937,13313,1.57,0, V ,,
38.033,38.013,38.037,TIC,18843,14188,1.33,0, V ,,
38.042,38.037,38.05,TIC,12500,20228,0.62,0, V ,,
38.069,38.05,38.09,TIC,35468,18988,1.87,0, V ,,
38.099,38.09,38.13,TIC,26954,13595,1.98,0, V ,,
38.143,38.13,38.147,TIC,12301,18710,0.66,0, V ,,
38.156,38.147,38.207,TIC,40758,16949,2.4,0, V ,,
38.216,38.207,38.233,TIC,13665,16542,0.83,0, V ,,
38.249,38.233,38.26,TIC,16524,17036,0.97,0,   ,,
38.265,38.26,38.273,TIC,8376,11548,0.73,0, V ,,
38.279,38.273,38.283,TIC,8018,17011,0.47,0, V ,,
38.288,38.283,38.297,TIC,9596,13964,0.69,0, V ,,
38.3,38.297,38.303,TIC,4244,11777,0.36,0, V ,,
38.306,38.303,38.31,TIC,3965,10496,0.38,0, V ,,
38.313,38.31,38.317,TIC,5235,14976,0.35,0, V ,,
38.327,38.317,38.33,TIC,8963,13558,0.66,0, V ,,
38.346,38.33,38.35,TIC,19352,19374,1,0, V ,,
38.353,38.35,38.36,TIC,10310,21473,0.48,0, V ,,
38.386,38.36,38.397,TIC,42662,26044,1.64,0, V ,,
38.407,38.397,38.41,TIC,13951,18841,0.74,0, V ,,
38.413,38.41,38.423,TIC,13308,16301,0.82,0, V ,,
38.436,38.423,38.443,TIC,19958,21258,0.94,0, V ,,
38.45,38.443,38.467,TIC,22655,23658,0.96,0, V ,,
38.477,38.467,38.48,TIC,12293,18665,0.66,0, V ,,
38.483,38.48,38.487,TIC,5526,13779,0.4,0, V ,,
38.49,38.487,38.513,TIC,24405,19915,1.23,0, V ,,
38.575,38.513,38.653,TIC,420638,125930,3.34,0.03, V ,,
38.66,38.653,38.693,TIC,44339,24957,1.78,0, V ,,
38.708,38.693,38.727,TIC,37075,21142,1.75,0, V ,,
38.755,38.727,38.763,TIC,39112,27890,1.4,0, V ,,
38.765,38.763,38.77,TIC,4232,14340,0.3,0, V ,,
38.809,38.77,38.82,TIC,41007,17932,2.29,0, V ,,
38.845,38.82,38.853,TIC,24661,17096,1.44,0, V ,,
38.898,38.853,38.937,TIC,55959,17173,3.26,0, V ,,
38.943,38.937,38.967,TIC,18604,15592,1.19,0, V ,,
38.977,38.967,38.993,TIC,19648,15631,1.26,0, V ,,
38.999,38.993,39.013,TIC,18758,22778,0.82,0, V ,,
39.039,39.013,39.05,TIC,28782,21560,1.33,0, V ,,
39.066,39.05,39.07,TIC,12539,20281,0.62,0, V ,,
39.09,39.07,39.1,TIC,23051,22210,1.04,0, V ,,
39.106,39.1,39.133,TIC,27284,19892,1.37,0, V ,,
39.137,39.133,39.167,TIC,24244,16786,1.44,0, V ,,
39.202,39.167,39.263,TIC,81378,18381,4.43,0.01, V ,,
39.267,39.263,39.293,TIC,22893,17012,1.35,0, V ,,
39.297,39.293,39.303,TIC,8073,19022,0.42,0, V ,,
39.31,39.303,39.313,TIC,5841,12819,0.46,0, V ,,
39.317,39.313,39.323,TIC,6934,14186,0.49,0, V ,,
39.33,39.323,39.337,TIC,8997,17919,0.5,0, V ,,
39.34,39.337,39.363,TIC,18644,14550,1.28,0, V ,,
39.367,39.363,39.373,TIC,9217,19834,0.46,0, V ,,
39.395,39.373,39.457,TIC,58280,14926,3.9,0, V ,,
39.463,39.457,39.473,TIC,10432,12737,0.82,0, V ,,
39.493,39.473,39.513,TIC,30322,15815,1.92,0, V ,,
39.534,39.513,39.543,TIC,22851,21096,1.08,0, V ,,
39.556,39.543,39.57,TIC,23245,19475,1.19,0, V ,,
39.583,39.57,39.603,TIC,27838,23157,1.2,0, V ,,
39.622,39.603,39.633,TIC,35546,28581,1.24,0, V ,,
39.635,39.633,39.64,TIC,6469,23949,0.27,0, V ,,
39.646,39.64,39.677,TIC,29793,22091,1.35,0, V ,,
39.683,39.677,39.703,TIC,17379,17789,0.98,0, V ,,
39.764,39.703,39.773,TIC,47252,24436,1.93,0,   ,,
39.783,39.773,39.797,TIC,20410,18369,1.11,0, V ,,
39.802,39.797,39.807,TIC,9927,22269,0.45,0, V ,,
39.811,39.807,39.82,TIC,11873,21467,0.55,0, V ,,
39.826,39.82,39.833,TIC,8585,15564,0.55,0, V ,,
39.839,39.833,39.847,TIC,9107,16179,0.56,0, V ,,
39.852,39.847,39.87,TIC,15850,18062,0.88,0, V ,,
39.873,39.87,39.88,TIC,5338,9226,0.58,0, V ,,
39.9,39.88,39.927,TIC,31752,17528,1.81,0, V ,,
39.929,39.927,39.933,TIC,3003,9235,0.33,0, V ,,
39.937,39.933,39.94,TIC,5053,14516,0.35,0, V ,,
39.95,39.94,39.967,TIC,19879,15881,1.25,0, V ,,
39.989,39.967,40.01,TIC,40066,24406,1.64,0, V ,,
40.018,40.01,40.033,TIC,23630,21690,1.09,0, V ,,
40.053,40.033,40.09,TIC,38343,13535,2.83,0, V ,,
40.102,40.09,40.12,TIC,18762,19263,0.97,0, V ,,
40.145,40.12,40.15,TIC,18380,16870,1.09,0, V ,,
40.178,40.15,40.183,TIC,31074,21749,1.43,0, V ,,
40.2,40.183,40.217,TIC,25480,16984,1.5,0, V ,,
40.225,40.217,40.237,TIC,14831,17069,0.87,0, V ,,
40.24,40.237,40.247,TIC,6613,16200,0.41,0, V ,,
40.253,40.247,40.273,TIC,13435,14851,0.9,0, V ,,
40.284,40.273,40.3,TIC,13366,12573,1.06,0, V ,,
40.307,40.3,40.317,TIC,10492,13178,0.8,0, V ,,
40.323,40.317,40.34,TIC,19646,20540,0.96,0, V ,,
40.368,40.34,40.423,TIC,256406,86815,2.95,0.02, V ,,
40.429,40.423,40.46,TIC,44190,34560,1.28,0, V ,,
40.464,40.46,40.47,TIC,7797,15296,0.51,0, V ,,
40.476,40.47,40.517,TIC,46583,26758,1.74,0, V ,,
40.52,40.517,40.527,TIC,7379,15702,0.47,0, V ,,
40.551,40.527,40.58,TIC,37643,20374,1.85,0, V ,,
40.617,40.58,40.637,TIC,39902,22076,1.81,0, V ,,
40.655,40.637,40.687,TIC,39559,19470,2.03,0, V ,,
40.702,40.687,40.707,TIC,16571,19877,0.83,0, V ,,
40.724,40.707,40.743,TIC,27511,17096,1.61,0, V ,,
40.76,40.743,40.777,TIC,30967,23399,1.32,0, V ,,
40.802,40.777,40.81,TIC,21950,20766,1.06,0, V ,,
40.815,40.81,40.853,TIC,38958,19215,2.03,0, V ,,
40.866,40.853,40.907,TIC,55381,20351,2.72,0, V ,,
40.922,40.907,40.93,TIC,21730,22098,0.98,0, V ,,
40.932,40.93,40.967,TIC,33721,25067,1.35,0, V ,,
40.978,40.967,40.983,TIC,18842,23125,0.81,0, V ,,
40.986,40.983,40.99,TIC,8908,24344,0.37,0, V ,,
40.992,40.99,40.997,TIC,7427,23990,0.31,0, V ,,
41,40.997,41.003,TIC,8100,22595,0.36,0, V ,,
41.006,41.003,41.023,TIC,24755,25324,0.98,0, V ,,
41.045,41.023,41.05,TIC,27461,19890,1.38,0, V ,,
41.057,41.05,41.093,TIC,45417,19745,2.3,0, V ,,
41.103,41.093,41.123,TIC,34152,20722,1.65,0, V ,,
41.127,41.123,41.137,TIC,17135,21732,0.79,0, V ,,
41.158,41.137,41.163,TIC,28674,18633,1.54,0, V ,,
41.188,41.163,41.207,TIC,51570,25268,2.04,0, V ,,
41.21,41.207,41.233,TIC,27856,22544,1.24,0, V ,,
41.255,41.233,41.27,TIC,33130,23895,1.39,0, V ,,
41.325,41.27,41.35,TIC,85451,27837,3.07,0.01, V ,,
41.361,41.35,41.39,TIC,41503,24706,1.68,0, V ,,
41.393,41.39,41.403,TIC,10317,14104,0.73,0, V ,,
41.422,41.403,41.467,TIC,50525,21659,2.33,0, V ,,
41.475,41.467,41.48,TIC,9662,16120,0.6,0, V ,,
41.486,41.48,41.527,TIC,37059,22869,1.62,0, V ,,
41.533,41.527,41.547,TIC,19334,21156,0.91,0, V ,,
41.551,41.547,41.557,TIC,8781,16992,0.52,0, V ,,
41.561,41.557,41.567,TIC,6882,16479,0.42,0, V ,,
41.58,41.567,41.587,TIC,23531,36409,0.65,0, V ,,
41.593,41.587,41.64,TIC,67927,28676,2.37,0, V ,,
41.652,41.64,41.687,TIC,58251,28433,2.05,0, V ,,
41.691,41.687,41.697,TIC,10766,23246,0.46,0, V ,,
41.723,41.697,41.737,TIC,52572,28684,1.83,0, V ,,
41.747,41.737,41.75,TIC,16218,20072,0.81,0, V ,,
41.753,41.75,41.757,TIC,8863,22108,0.4,0, V ,,
41.758,41.757,41.8,TIC,57557,26607,2.16,0, V ,,
41.838,41.8,41.853,TIC,83830,37146,2.26,0.01, V ,,
41.856,41.853,41.86,TIC,9023,24284,0.37,0, V ,,
41.864,41.86,41.873,TIC,21251,28718,0.74,0, V ,,
41.882,41.873,41.887,TIC,17147,24405,0.7,0, V ,,
41.913,41.887,42.007,TIC,175806,36862,4.77,0.01, V ,,
42.017,42.007,42.04,TIC,45045,28160,1.6,0, V ,,
42.067,42.04,42.12,TIC,262592,79180,3.32,0.02, V ,,
42.135,42.12,42.16,TIC,64345,38283,1.68,0, V ,,
42.193,42.16,42.203,TIC,68380,31977,2.14,0, V ,,
42.25,42.203,42.253,TIC,87522,30157,2.9,0.01, V ,,
42.312,42.253,42.327,TIC,130641,40422,3.23,0.01, V ,,
42.333,42.327,42.337,TIC,16969,35688,0.48,0, V ,,
42.342,42.337,42.363,TIC,47866,40743,1.17,0, V ,,
42.389,42.363,42.397,TIC,60327,37578,1.61,0, V ,,
42.419,42.397,42.457,TIC,108341,41401,2.62,0.01, V ,,
42.467,42.457,42.47,TIC,21579,37826,0.57,0, V ,,
42.487,42.47,42.523,TIC,100595,36100,2.79,0.01, V ,,
42.55,42.523,42.563,TIC,78821,37567,2.1,0.01, V ,,
42.58,42.563,42.59,TIC,58933,45123,1.31,0, V ,,
42.606,42.59,42.61,TIC,41718,39339,1.06,0, V ,,
42.613,42.61,42.62,TIC,21633,45109,0.48,0, V ,,
42.627,42.62,42.647,TIC,58154,38588,1.51,0, V ,,
42.683,42.647,42.7,TIC,109533,38716,2.83,0.01, V ,,
42.716,42.7,42.73,TIC,66864,42476,1.57,0, V ,,
42.75,42.73,42.76,TIC,65836,41011,1.61,0, V ,,
42.79,42.76,42.813,TIC,120865,47632,2.54,0.01, V ,,
42.817,42.813,42.833,TIC,41690,37153,1.12,0, V ,,
42.862,42.833,42.873,TIC,84905,46727,1.82,0.01, V ,,
42.889,42.873,42.893,TIC,43743,43412,1.01,0, V ,,
42.899,42.893,42.907,TIC,33997,50125,0.68,0, V ,,
42.913,42.907,42.92,TIC,29914,43235,0.69,0, V ,,
42.93,42.92,42.933,TIC,30846,41140,0.75,0, V ,,
42.941,42.933,42.947,TIC,32372,44586,0.73,0, V ,,
42.951,42.947,42.97,TIC,54244,41625,1.3,0, V ,,
42.976,42.97,43,TIC,68320,41260,1.66,0, V ,,
43.021,43,43.027,TIC,62085,44016,1.41,0, V ,,
43.033,43.027,43.05,TIC,59493,45291,1.31,0, V ,,
43.057,43.05,43.06,TIC,23801,44737,0.53,0, V ,,
43.083,43.06,43.107,TIC,93746,32041,2.93,0.01, V ,,
43.124,43.107,43.133,TIC,49190,45343,1.08,0, V ,,
43.142,43.133,43.183,TIC,92430,38480,2.4,0.01, V ,,
43.19,43.183,43.197,TIC,28064,39279,0.71,0, V ,,
43.203,43.197,43.22,TIC,48523,40865,1.19,0, V ,,
43.231,43.22,43.25,TIC,54193,36021,1.5,0, V ,,
43.276,43.25,43.293,TIC,85184,40631,2.1,0.01, V ,,
43.302,43.293,43.323,TIC,60115,37843,1.59,0, V ,,
43.347,43.323,43.363,TIC,74809,32173,2.33,0.01, V ,,
43.378,43.363,43.383,TIC,38841,35918,1.08,0, V ,,
43.388,43.383,43.407,TIC,49286,43582,1.13,0, V ,,
43.442,43.407,43.447,TIC,84605,40682,2.08,0.01, V ,,
43.452,43.447,43.46,TIC,24480,39900,0.61,0, V ,,
43.468,43.46,43.49,TIC,58263,32308,1.8,0, V ,,
43.529,43.49,43.563,TIC,142763,39077,3.65,0.01, V ,,
43.589,43.563,43.6,TIC,56853,43885,1.3,0, V ,,
43.619,43.6,43.627,TIC,55023,45962,1.2,0, V ,,
43.64,43.627,43.657,TIC,60888,46358,1.31,0, V ,,
43.679,43.657,43.713,TIC,110405,39653,2.78,0.01, V ,,
43.717,43.713,43.72,TIC,8752,28139,0.31,0, V ,,
43.745,43.72,43.75,TIC,54876,37652,1.46,0, V ,,
43.759,43.75,43.763,TIC,23049,34509,0.67,0, V ,,
43.769,43.763,43.777,TIC,22909,33033,0.69,0, V ,,
43.79,43.777,43.843,TIC,120743,33554,3.6,0.01, V ,,
43.862,43.843,43.873,TIC,48130,29425,1.64,0, V ,,
43.9,43.873,43.917,TIC,96605,47783,2.02,0.01, V ,,
43.919,43.917,43.923,TIC,21326,58938,0.36,0, V ,,
43.933,43.923,43.937,TIC,40162,52181,0.77,0, V ,,
43.942,43.937,43.983,TIC,120354,53449,2.25,0.01, V ,,
43.989,43.983,44.017,TIC,49253,36919,1.33,0, V ,,
44.028,44.017,44.033,TIC,18121,21959,0.83,0, V ,,
44.04,44.033,44.053,TIC,25875,30496,0.85,0, V ,,
44.057,44.053,44.063,TIC,15674,28603,0.55,0, V ,,
44.07,44.063,44.087,TIC,33043,31778,1.04,0, V ,,
44.099,44.087,44.103,TIC,21792,27397,0.8,0, V ,,
44.108,44.103,44.15,TIC,63085,31838,1.98,0, V ,,
44.157,44.15,44.167,TIC,18933,30016,0.63,0, V ,,
44.169,44.167,44.173,TIC,6074,18527,0.33,0, V ,,
44.179,44.173,44.187,TIC,18796,27953,0.67,0, V ,,
44.206,44.187,44.223,TIC,45219,26673,1.7,0, V ,,
44.248,44.223,44.257,TIC,46437,31582,1.47,0, V ,,
44.262,44.257,44.27,TIC,15891,28961,0.55,0, V ,,
44.287,44.27,44.29,TIC,26961,23882,1.13,0, V ,,
44.293,44.29,44.297,TIC,9613,24695,0.39,0, V ,,
44.299,44.297,44.323,TIC,37302,28454,1.31,0, V ,,
44.337,44.323,44.347,TIC,32139,31891,1.01,0, V ,,
44.364,44.347,44.377,TIC,40117,26353,1.52,0, V ,,
44.407,44.377,44.427,TIC,64420,20470,3.15,0, V ,,
44.449,44.427,44.497,TIC,115192,47051,2.45,0.01, V ,,
44.511,44.497,44.537,TIC,28287,19558,1.45,0, V ,,
44.548,44.537,44.553,TIC,19996,22771,0.88,0, V ,,
44.556,44.553,44.563,TIC,11048,26679,0.41,0, V ,,
44.569,44.563,44.573,TIC,9639,22358,0.43,0, V ,,
44.58,44.573,44.587,TIC,13947,27774,0.5,0, V ,,
44.612,44.587,44.617,TIC,17199,17739,0.97,0, V ,,
44.634,44.617,44.64,TIC,20629,20026,1.03,0, V ,,
44.644,44.64,44.647,TIC,6565,17236,0.38,0, V ,,
44.649,44.647,44.67,TIC,23953,32223,0.74,0, V ,,
44.682,44.67,44.687,TIC,15760,20343,0.77,0, V ,,
44.693,44.687,44.7,TIC,12077,19118,0.63,0, V ,,
44.703,44.7,44.723,TIC,18414,16049,1.15,0, V ,,
44.733,44.723,44.737,TIC,5957,14022,0.42,0, V ,,
44.742,44.737,44.75,TIC,13764,25556,0.54,0, V ,,
44.775,44.75,44.793,TIC,34334,18008,1.91,0, V ,,
44.816,44.793,44.837,TIC,27657,20094,1.38,0, V ,,
44.84,44.837,44.847,TIC,7523,17368,0.43,0, V ,,
44.905,44.847,44.913,TIC,64799,27883,2.32,0, V ,,
44.923,44.913,44.947,TIC,28222,22118,1.28,0, V ,,
44.984,44.947,45.01,TIC,36589,20271,1.8,0, V ,,
45.026,45.01,45.06,TIC,35897,21354,1.68,0,   ,,
